from,to,date,provider
DUS,ESB,29.05.2026,ucuzabilet
FRA,ESB,29.05.2026,ucuzabilet
CGN,ESB,29.05.2026,ucuzabilet
DUS,ESB,28.05.2026,ucuzabilet
FRA,ESB,28.05.2026,ucuzabilet
CGN,ESB,28.05.2026,ucuzabilet   
DUS,ASR,28.05.2026,ucuzabilet
FRA,ASR,28.05.2026,ucuzabilet
CGN,ASR,28.05.2026,ucuzabilet
DUS,ASR,29.05.2026,ucuzabilet
FRA,ASR,29.05.2026,ucuzabilet
CGN,ASR,29.05.2026,ucuzabilet
DUS,ESB,30.05.2026,ucuzabilet
FRA,ESB,30.05.2026,ucuzabilet
CGN,ESB,30.05.2026,ucuzabilet
DUS,ASR,30.05.2026,ucuzabilet
FRA,ASR,30.05.2026,ucuzabilet
CGN,ASR,30.05.2026,ucuzabilet   
DUS,ESB,31.05.2026,ucuzabilet
FRA,ESB,31.05.2026,ucuzabilet
CGN,ESB,31.05.2026,ucuzabilet
DUS,ASR,31.05.2026,ucuzabilet
FRA,ASR,31.05.2026,ucuzabilet
CGN,ASR,31.05.2026,ucuzabilet
ESB,DUS,22.05.2026,ucuzabilet
ESB,FRA,22.05.2026,ucuzabilet
ESB,CGN,22.05.2026,ucuzabilet
ESB,DUS,23.05.2026,ucuzabilet
ESB,FRA,23.05.2026,ucuzabilet
ESB,CGN,23.05.2026,ucuzabilet